Arcade Gamer Fubuki,1000
Jin Se De Da Yan,1001
Gakuen Basara: Samurai High School,1001
Future Boy Conan,1001
Xiao Cangshu Di Di de Chi Bo Richang,1001
Pretty Guardian Sailor Moon Crystal,1002
Xiaodou Pai Pai: Qingshang Pei You,1002
Calm,1003
Super Dimension Century Orguss,1004
Boukyaku Battery: Jump Festa 2020 Special,1004
Nerima Daikon Brothers,1004
Qin Shi Mingyue: Tian Xing Jiu Ge,1005
Go! Princess Pretty Cure,1006
Natsume Yuujinchou: Itsuka Yuki no Hi ni,1008
Clannad,1008
Taisei Kensetsu: Bosporus Kaikyou Tunnel,1009
Xinghe Zhizun 2nd Season,1010
Yu Yu Hakusho: Mu Mu Hakusho,1011
Ranma 1/2 Nettou Uta Gassen,1011
Kakuza Tousan,1013
Shachiku-san wa Youjo Yuurei ni Iyasaretai.,1013
Apache Yakyuugun,1014
Riku wa Yowakunai,1015
Peeping Life x Beppu City Collaboration,1015
perfume BVH import,1015
White Fantasy,1015
Eun-sil-i,1016
Zetman,1017
(K)NoW_NAME: Knew day,1017
Hime-sama Goyoujin,1018
Your Gay Thoughts: To Disappear,1019
X-Men,1020
Triton of the Sea (1979),1021
NINO & Evan Call: Jyou Jyou,1022
Yume no Majutsushi,1022
Extreme Escape Adventure: Good People Die,1023
FAKE TYPE: BEELZEBUZ,1024
Fate/Grand Order: All In! Las Vegas Championship Match: Seven Duels of Swordbeauties! Event PV,1024
Xue Ying Lingzhu Zhi Qiyu Pian,1026
Charlotte Special,1026
Tokyo Mew Mew New,1027
Boku ga Ai Shita Subete no Kimi e,1028
Momo Kyun Sword,1028
Fate/Grand Order: Moonlight/Lostroom,1028
Bakuman. 2,1029
Dead Girls,1029
Dr. Slump Movie 7: Arale-chan N-cha! Pengin-mura yori Ai wo komete,1029
Kinnikuman Movie 5: Haresugata! Seigi Choujin,1031
Please Twins: The Summer Never Ends,1031
Kaze wo Nuke!,1031
Ganbare! Bokura no Hit and Run,1031
Kaguya-sama: Love is War - Ultra Romantic,1032
Mob Psycho 100 II,1033
Fei Zhi Baike: Yuanlai Ni Shi Zheyang de Zhiwu 2nd Season,1033
Mobile Suit Gundam Wing: Endless Waltz Movie,1034
newspaper,1034
Roselia: Black Shout,1035
Rebirth Moon Divergence,1035
Magical Girl Ore,1035
Kiss Kiss Kiss,1035
Girls und Panzer der Film: Akiyama Yukari no Sensha Kouza,1036
Akane Aki: FlashBack,1037
Jin: Kagerou Daze,1038
My Teen Romantic Comedy SNAFU Climax,1039
Rabbit Tailor,1039
dMatsu-san,1040
Da Hu Fa,1041
The Troubled Life of Miss Kotoura,1042
Wolf Girl and Black Prince Recap,1043
Nakoruru,1044
Major Movie: Yuujou no Winning Shot,1045
JoJo's Bizarre Adventure: Golden Wind Recaps,1045
Date a Live Movie: Mayuri Judgement,1046
Ichiban Chikakute Tooi Hoshi,1047
Yawara! Special: Zutto Kimi no Koto ga,1047
Pokemon Movie 14: Black - Victini and Reshiram,1048
My Wife Is the Student Council President! OVA: Okusama Gekijou,1049
The Elder Sister-Like One,1049
Rilu Rilu Fairilu: Mahou no Kagami,1049
Visions of Frank: Short Films by Japan's Most Audacious Animators,1050
Yumeiro Pâtissière,1050
Ashita no Kibou: Kanashimi yo Arigatou - Takae Tsuneo Monogatari,1050
Squid Introspection,1050
Miniforce,1051
Pinocchio-P: Secret HIMITSU,1051
Miao Xian Sheng,1051
Benkei and Ushiwakamaru,1051
KY-kei JC Kuuki-chan,1053
Bakusou Kyoudai Let's & Go!! WGP,1054
Wo de Tian Jie Nuyou,1055
Mole Zhuang Yuan 3: Mohuan Lieche Da Maoxian,1055
Ado: Yoru no Pierrot (360° ver.),1055
Typhoon Noruda,1056
Honobono Log,1056
Ran,1057
Guai Laotou Er,1057
Neru: Sekai wo Kowashite Iru,1057
Futsal Boys!!!!!,1058
Kano: Haru ni Ochite,1058
Sorcerer Hunters OVA,1058
Xie Wang Zhui Qi Zhi Yishi Qingcheng,1059
22/7: 8+3=?,1059
Panpan no Tou: Ongaku wa Tomatta,1060
Din Dong,1061
Sakura Wars: Ecole de Paris,1061
Kabushiki Kaisha Zoo,1061
Oz no Mahou Tsukai Movie,1061
Kuragehime Specials,1063
Pokemon: The Origin,1065
Tian Tian Hao Haizi,1066
The [email protected]: Cinderella Girls Theater Climax Season,1066
Kochira Katsushikaku Kameari Kouenmae Hashutsujo (Shinsaku),1067
Sword Gai: The Animation Part II,1067
Doraemon Movie 30: Nobita's Great Mermaid Naval Battle,1068
Orbital Era,1068
Examurai Sengoku,1068
K: Seven Stories Movie 5 - Memory of Red ~BURN~,1068
Hawaiian Rock'n Roll,1068
Bakusou Kyoudai Let's & Go!! MAX,1069
Yu Yu Hakusho,1069
Kakusansei Million Arthur OP,1069
Tarzan,1069
Zettai Shounen,1069
Kaitou Lupin: 813 no Nazo,1070
Rockeppe,1071
Living with Garfield,1071
Forest Fairy Five,1071
Armored Dragon Legend Villgust,1072
Mahoutsukai Haley no Speed Story,1073
Tako ni Natta Okaasan,1073
Kyuumei Senshi Nanosaver,1073
Wan Shen Ji,1073
The Spirits of Cairn,1074
Blue Seed 1.5,1075
40-Shuunen da yo! Coro Coro All-Star Shougakkou,1076
Tatakae! Dokan-kun: Gekitou-kun,1076
Mr. Osomatsu: Virgin Hero,1077
Naita Aka Oni,1077
Xiong Bing Lian 3,1077
Tsukiuta. The Animation,1077
Anime Roukyoku Kikou Shimizu no Jirochouden,1078
Chogattai Majutsu Robot Ginguiser,1078
Maido! Urayasu Tekkin Kazoku,1078
Captain Future: Kareinaru Taiyokei Race,1079
Hiiragi Kirai: Eureka,1079
Eternal Alice: Eikyuu Alice Rondo - Extra Song,1080
A Little Princess Sara,1081
Kyoro-chan,1081
Ayane's High Kick,1081
Heart,1082
Dragon Ball Super: FNS 27 Hour TV,1082
Pi Pi Lixian Ji,1083
Those Who Hunt Elves II,1083
Yowamushi Pedal: Re:RIDE,1083
Inishie no Megami to Houseki no Ite,1086
Fist of the North Star: Legend of Yuria,1086
Suzy's Zoo Daisuki! Witzy,1086
Zongyou Yaoguai Xiang Hai Zhen,1086
Gu Xiong,1086
"You're Being Summoned, Azazel Z",1087
Mobile Suit Gundam Wing: Frozen Teardrop Picture Drama - Aratanaru Tatakai,1087
The Seven Heavenly Virtues,1087
Orange -Mirai-,1088
Ulysses 31,1088
Usagi no Matthew,1088
Shin Skyers 5,1088
Buddha Saitan,1089
Mafumafu: Handicap,1089
Seraph of the End: The Beginning of the End,1089
Dragon Ball Movie 2: Sleeping Princess in Devil's Castle,1090
Yinhe Zhi Xin,1090
Onaka no Ookina Ouji-sama,1090
Sheep in the Island,1091
Daaree,1093
GREAT3: Haiku,1093
Detective Conan: Amuro Secret Call,1094
Amanatsu,1094
Baoxiao Haha Zhen,1096
Umineko: When They Cry Specials,1097
100-nichikan Ikita Wani,1097
Higanjima X,1098
The Ones Within,1098
Scryed,1098
Shita-kiri Suzume,1098
Hanamaru Koutsuu Anzen,1098
Thermae Romae,1098
Transformers: Armada,1099
Hetalia: World Series Extra Episodes,1099
Delinquent Hamsters 2,1100
Oni Girl!! x Mameshiba,1101
"Mori no Kuma-san, Toumin-chuu.",1102
Folktales from Japan,1103
Baka and Test - Summon the Beasts Mini Anime,1104
Nozo x Kimi,1104
Kupu~!! Mamegoma!,1104
Ghost in the Shell: Stand Alone Complex 2nd Gig,1106
Miss Monochrome: Watashi dake no Monogatari,1106
Hokuro Kyodai Full Throttle!!!!,1106
Ace of the Diamond: Second Season,1106
Yichan Xiao Heshang,1107
Diamond Daydreams Special,1108
Xiong Chu Mo Movie 8: Yuanshi Shidai,1108
Roujin Z,1109
Disney: Twisted-Wonderland 1-shuunen Kinen PV,1109
BUCK-TICK x HAL,1109
Schick x Evangelion,1110
Neru: Jailbreak,1110
Saiyuki Gaiden: Tokubetsu-hen - Kouga no Shou,1111
Xiao Ta Lixian Ji: Jiyi Senlin,1112
Blood Blockade Battlefront: Even These Are the Worst and Best Days Ever,1112
A Certain Scientific Railgun S: All the Important Things I Learned in a Bathhouse,1113
Magical Sisters Yoyo & Nene,1113
My Hero Academia - All Might: Rising The Animation,1114
Otohime Connection,1114
Keina Suda: Red,1115
Six Angels,1115
Günther,1115
Gushi Xiao Hao Shou,1115
Meitounao He Bugaoxing TV,1116
Super Robot Wars OG: Divine Wars,1116
Nike SB x Mobile Suit Gundam Unicorn,1118
Shanguang Xiao Zongdui,1118
Hao Gua Gua,1118
Chronos Ruler,1118
Penguin no Mondai,1119
Hamtaro OVA 1: Hamtaro's Birthday! 3000 Hammy Steps in Search of Mommy,1119
Chiisana Tegami,1120
Sabu to Ichi Torimono Hikae,1120
Kenshi Yonezu: Musunde Hiraite Rasetsu to Mukuro,1120
Detective Conan: The Culprit Hanazawa,1120
Yorugao,1120
OSTER project: Kujira Rider,1121
Ken-chan,1122
Tantei Opera Milky Holmes: Psycho no Aisatsu,1122
Hyakko Extra,1123
The Lost Village,1123
Dr. Slump Movie 3: The Great Race Around the World,1124
DECO*27: Otome Kaibou,1124
Pleasant Goat and Big Big Wolf: Everyday Pleasant Goat,1124
Shi Ye Miao Yin,1124
Futaridaka,1125
Sound of the Sky,1125
HoneyWorks: Kawaiku Naritai,1126
Duel Masters,1126
Ba La La Xiao Mo Xian Zhi: Meng Huan Xuan Lu,1127
Francois CM: Cassis to Arles no Monogatari,1127
Hanjawang Jumong,1127
Shouri Toushu,1128
Majikoi: Oh! Samurai Girls!,1128
Orphen Revenge,1128
Taberu Hitotachi,1128
Namae... Sore wa Moeru Inochi,1129
Tokyo 7th Sisters: TRIGGER / Fire and Rose,1129
Red Colored Bridge,1131
Manga,1131
Akai Hana Shiroi Hana,1131
Future Diary: Ura Mirai Nikki,1132
Alderamin on the Sky,1132
ReLIFE,1133
Detective Conan: Let's Try a Curious Experiment!,1134
FAKE TYPE. Tsuki,1134
Ding Ding Zhan Hou Wang,1134
Saint Seiya: Soushuuhen,1135
Super Robot Wars OG: Divine Wars - Separate Paths,1135
Youkai Watch: Shadow Side,1136
Kenshi Yonezu: Suna no Wakusei,1136
Eguchi Hisashi no Nantoka Narudesho!,1137
I Can’t Understand What My Husband Is Saying: 2nd Thread,1138
Akagi,1138
Fate/Grand Order x Himuro no Tenchi: 7-nin no Saikyou Ijin-hen,1138
Glass Fleet,1139
Toshokan Sensou: Kakumei no Tsubasa,1139
Battle Spirits: Kakumei no Galette,1139
Haiyoru! Nyaru-ani: Remember My Love(craft-sensei),1139
Irodorimidori: Spicy Swingy Style,1140
Girls und Panzer: Saishuushou 2,1140
Roco Kingdom Movie 3,1141
Television,1142
Aria the Crepuscolo,1143
Cigarettes and Ashes,1143
Kurau: Phantom Memory,1143
Eternal Alice,1144
Darker than Black,1144
Ousama no Takaramono,1145
Panpaka Pants O New-san,1145
House of Five Leaves,1145
Spookiz Season 3,1146
Reikenzan: Eichi e no Shikaku,1147
"Neru: Kodama, Hekikai, Nayuta wo Misadamu Aglaophonos no Shihen",1147
Alice in Borderland CM,1147
Kawa wa Dare no Mono?,1148
SK8 the Infinity (New),1148
Sakura Wars: Sumire,1148
Project A-Ko 3: Cinderella Rhapsody,1149
Mogu&Perol,1149
Metropolitan Museum,1149
Nanocore 2016 Xinnian Tebie Ban,1149
Classroom☆Crisis,1150
The Little Mermaid: Attack of the Pirates,1150
Calligraffiti,1151
Pokemon Black Version 2 and White Version 2,1151
The Super Milk-chan Show,1151
His and Her Circumstances,1152
Romeo x Juliet,1153
Kariage-kun,1153
Glass Mask,1153
Space Battleship Tiramisu Zwei,1153
Baka Mukashibanashi: Momotaro no Heya,1157
Fenghuang Ji Xiang Yu Qingming Shanghe Tu,1157
Kappa no Kui Kuo Kua,1157
Super Dimensional Fortress Macross II: The Movie,1158
Sekai Meisaku Douwa Series: Wow! Maerchen Oukoku,1160
Galaxy Express 999: Can You Live Like A Warrior?,1160
Long Zu,1160
Sayonara Zetsubou Sensei Jo: Zoku Zetsubou Shoujo Senshuu,1161
City Hunter: Ryou no Propose,1161
Kitte no Nai Okurimono,1161
Make My Day,1162
Armored Trooper Votoms: Alone Again,1162
Hell Teacher Nube: Gozen 0 Toki Nube Shisu,1163
Super Robot Wars OG: The Inspector,1164
The Mysterious Cities of Gold,1164
Valvrave the Liberator,1165
Enya-Sang: Sayonara Nyuunanzai,1165
Boarding School Juliet,1166
Yamaki x Taka no Tsume: Katsuobushi Kezutte Kezutte Daisakusen,1166
Tekkaman Blade,1167
That Time I Got Reincarnated as a Slime Season 2,1167
Overlord IV,1168
Sorcerous Stabber Orphen,1169
Sugar Bunnies Fleur Specials,1169
Cara to Otamajakushi Shima,1170
Basilisk: The Ouka Ninja Scrolls,1170
Sound Horizon: Yodaka no Hoshi,1170
Youjo Shenki Episode 0,1170
Kairaku no Sono,1172
Nejishiki: Koibitomodachi,1172
Pinch to Punch,1173
Fox Spirit Matchmaker Season 7,1173
Jubilee,1175
Schwarzesmarken,1177
Rakshasa Street 2nd Season: Part II,1178
Zhong Zhiyang 8mm Donghua,1178
Natsufuku no Shoujotachi,1178
Kaeru San Yuushi,1178
Megaton Musashi 2nd Season,1179
Crayon Shin-chan Movie 8: Arashi wo Yobu Jungle,1179
Doubutsu Sumo Taikai,1179
Oshare Majo Love and Berry: Shiawase no Mahou,1180
DECO*27: DECOUSTIC,1180
Pecola,1180
The Testament of Sister New Devil DEPARTURES,1181
Ongaku Sekai Ryokou,1181
Bakuhatsu Goro,1182
Xiyue Qi Tong,1182
Neo Angelique Abyss,1183
The King of Fighters: Destiny,1183
Peach Boy Riverside,1183
Baka and Test - Summon the Beasts OVA: Sentakushi Ikou nomi,1183
Hi-sCool! Seha Girls Special,1184
Code Geass: Lelouch of the Rebellion R2 Picture Drama - Last Moratorium,1184
Encouragement of Climb Special,1186
Yamakagashi,1186
Housenka,1186
High School DxD BorN Specials,1187
Cyberteam in Akihabara,1188
Mushinin,1188
Girls Jockey Special,1189
Meitantei Rascal,1190
Memories Off,1190
Tamagotchi! Miracle Friends,1191
Dragon Quest: Dai no Daibouken - Tachiagare!! Avan no Shito,1191
RoboMasters The Animated Series,1193
Ore no Sora Keiji-hen,1193
Kirakira Kirari☆,1193
Pita-Ten,1193
Infinity Nado 2,1194
Fanren Xiu Xian Chuan,1194
Midnight Crazy Trail,1195
Utakoi,1195
Powapowa-P: Strobe Light,1195
Mysteria Friends,1196
CLIMBER,1196
Tenamonya Voyagers,1196
Nineko Gelee,1198
KonoSuba – God’s blessing on this wonderful world! 2 OVA,1198
Nansensu Monogatari Daiichi-hen: Sarugashima,1198
Kaakaa Karasu no Kanzaburou,1198
Mon Colle Knights,1200
Fate/stay night: Unlimited Blade Works 2 - Sunny Day,1200
Hato Poppoppo,1200
Sushi and Beyond,1201
Negima!?,1201
Kono Oto Tomare! 2nd Season,1202
Akagaki Genzou: Tokuri no Wakare,1203
Vampillia: Mirror Mirror (bombs BiS),1203
Yume no Mahou,1204
Daifuku-kun @ Kin Tele,1205
Time Autobahn,1205
Hero Mask: Part II,1206
Gargoyle of the Yoshinagas,1206
Mobile Suit Gundam: Hathaway's Flash II,1206
Yoh Kamiyama: Sugar Highway,1206
DECO*27: Fakery Tale,1206
Animation Runner Kuromi,1207
Ultraman: Chou Toushi Gekiden - Suisei Senjin Tsuifon Toujou,1207
No Game No Life Specials,1207
Revolutionary Girl Utena,1208
Spelunker Sensei,1208
Quiz Magic Academy: The Original Animation 2,1208
Space Battleship Yamato: Resurrection,1209
Zombie Land Saga,1209
Unko-san: Tsuiteru Hito ni Shika Mienai Yousei,1209
Himitsu no Akko-chan 2,1209
Nozoki Ana,1209
Yuyoyuppe: Leia,1209
Kobutori,1210
Kyuutai Panic Adventure Returns!,1211
Akazukin to Kenkou,1212
Pleasant Goat and Big Big Wolf Movie 3: Moon Castle - The Space Adventure,1213
Bosco Adventure,1213
Samurai Giants,1213
Amnesia,1213
Qi Niu Nan Xia,1214
Urusei Yatsura Movie 4: Lum The Forever,1214
Q Transformers: Kaette Kita Convoy no Nazo,1215
Mazinger Edition Z: The Impact!,1215
A Wind Named Amnesia,1215
Powder: New Tribe,1215
The Seven Deadly Sins: Revival of the Commandments OVA,1216
Otoko to Onna to Inu,1216
Seraph of the End Specials,1217
Stitch! Challenge From Piko,1217
Rainbow Sea 3rd Season,1217
Pleasant Goat and Big Big Wolf: Mighty Little Defenders,1217
Kono Hoshi no Ue ni,1217
Chargeman Ken!,1219
Tegami Bachi: Letter Bee,1219
"Moshi Moshi, Terumi desu.",1219
Osaru no Sankichi: Boukuusen,1219
Mushishi Zoku Shou: Odoro no Michi,1220
Youkai Watch Movie 6: Youkai Gakuen Y - Neko wa Hero ni Nareru ka,1221
Johnson x Taka no Tsume: Tatakae! Jokin Shitennou,1221
Angel Links,1221
The Kabocha Wine,1222
Asunal Kanayama,1222
Ling Jian Zun 4th Season,1223
Zhu Zhu Xia: Wu Ling Shou Wei Zhe,1223
Is the Order a Rabbit?? ~Sing For You~,1224
Pharrell Williams: It Girl,1224
Gensei Shugoshin P-hyoro Ikka OVA,1225
Baja's Studio: Baja and the Sea,1226
Osomatsu-kun (1988),1226
Meimon! Daisan Yakyuubu,1226
Koeda-chan,1226
Niji-iro Prism Girl,1227
Sora ga Aketara,1228
Master Keaton OVA,1228
Beyblade Burst Surge,1228
Hello Kitty no Ou-sama no Mimi wa Roba no Mimi,1229
www.Working!!,1230
Astro Boy (1963),1230
Battle Girl High School,1230
Ring of Gundam,1230
Shining Tears X Wind,1230
Fafner: Right of Left,1231
Kiss x Sis,1233
Ichirin-Sha,1233
One Piece: Cry Heart,1233
Kidou Shinsengumi Moeyo Ken,1233
Nihon no Otogibanashi,1233
Battle of Clay (2019),1233
Mafumafu & Soraru: Anti-Clockwise,1234
Choujin Sentai Baratack,1235
Arcade Gamer Fubuki Special,1235
Saint Seiya: The Lost Canvas - Meiou Shinwa,1235
Assault Lily: Last Bullet Midsummer Escort Night Event PV,1235
Funny Animal Bus 2nd Season,1235
Nem: Kaitou Peter & Jenny,1235
"Omoi, Omoware, Furi, Furare",1237
Aoao Dai Bu,1238
Psycho-Pass SS: Case. 1 - Tsumi to Batsu,1239
Pokemon XY Special: Road to Kalos,1239
Kkumui Wangguk Sofy Ruby,1239
CocoaSigarette-P: Tsuki Tabi,1239
PES: Peace Eco Smile,1241
Yurumates (2012),1241
Amanchu! Upyopyo Dive Tsukkome! Umi no Sekai!,1242
White Snake,1244
Shuukan Shimakou,1244
Komaneko’s Christmas: The Lost Gift,1245
Onmyou Hyakki Monogatari,1247
Douluo Dalu,1247
Neo Angelique Abyss: Second Age,1248
Super Street Fighter IV,1248
Legends of the Dark King: A Fist of the North Star Story,1248
Sakura Wars: The Movie,1248
Sayonara Ponytail: Hikaru machi e,1249
Kassaii Event Kokuchi Eizou,1249
Konpora Kid,1249
Asobi Asobase OVA,1250
Magical Angel Creamy Mami: Curtain Call,1250
Hapi Fa Zi: Chao Neng Pao Dan,1250
Ishifuro: Tell Me (2018),1251
Maria Watches Over Us Season 4 Specials,1252
Menghuan Shuyuan 3rd Season,1252
Battle Break,1253
Working!!! Lord of the Takanashi,1254
Ane Log: Moyako Nee-san no Honpen wo Tobidashite Tomaranai Monologue,1255
Cao Yuan Ying Xiong Xiao Jie Mei,1256
Shikong Long Qishi,1256
Shadow Skill TV,1256
Saishuu Shiken Kujira,1257
L.O.R.D: Legend of Ravaging Dynasties,1257
Okama Hakusho,1258
Shounen Sunday CM: LOVe,1259
The Diary of a Crazed Family,1260
Ravex in Tezuka World,1261
Ojamajo Doremi #,1261
Kurousa-P: Ariadne,1261
Xiyue Qi Tong (2006),1262
Long Riders! Recap,1264
the pillows: 1989,1264
Uchikubi Gokumon Doukoukai: Futon no Naka kara Detakunai,1265
Resident Evil 4D Executor,1265
Shi Wan Ge Leng Xiaohua Movie 2,1266
Midoriyama Koukou Koushien-hen Movie,1266
Psycho Nyanya,1266
Tekkaman Blade: Nagaki Tatakai no Jokyoku,1266
Gdleen,1266
Mushi no Tsubuyaki,1266
Pororo the Little Penguin 5,1267
Anata no Katagoshi Chotto Ue,1267
Fushou Shita Senro to Tsuki,1268
Battle Spirits: Heroes,1269
Tamayura: Hitotose,1269
Baki: Son of Ogre,1271
Yamishibai: Japanese Ghost Stories 10th Season,1271
Dir En Grey: Rinkaku,1271
Crash!,1272
86: Eighty-Six - Coquelicots Blooming Across the Battlefield,1272
Santaruupaa,1273
"Sound! Euphonium: Ready, Set, Monaka",1274
Yu-Gi-Oh! GORUSH!!,1274
Kirameki Project,1274
Tamagotchi! Tamatomo Daishuu GO,1275
Houkago no Ouji-sama,1275
Shaman King Mini Anime: Funbari Onsen Hanjouki,1275
The Window,1276
Geunyeoneun Yeppeotda,1276
Petit Gargantia,1277
Nemui Inu,1277
Chibi Maruko-chan: Hi no Youjin,1278
We Never Learn!,1278
Hakuouki: Record of the Jade Blood Episode 0,1279
Ganba Fly High,1279
Bao Bao Wo,1280
Holy Knight Light,1280
Eyeshield 21: Maboroshi no Golden Bowl,1280
Li Shi,1281
Gall Force 2: Destruction,1282
Petite Princess Yucie,1283
True Tears Epilogue,1283
GREAT3: Devil's Organ,1283
Koukou,1284
Gosenzo-sama Banbanzai!,1284
Kankara Sanshin,1285
Ze Tian Ji 5th Season,1285
Sangokushi II: Amakakeru Otoko-tachi,1285
Yume Utsutsu (2010),1285
Ishifuro: Ryuu no Tani to Taiyou no Toride,1285
Tsuru no Ongaeshi,1285
Koi Koi Seven,1286
Qiang Shang De Hua,1287
Hachioji-P: RAD DOGS,1287
Yorushika: Itte.,1288
The Great Rabbit,1289
Nekomonogatari (Black),1289
"Genesis Climber Mospeada: Love, Live, Alive",1290
Strange Love,1291
Zhandou Ba Geji! 0,1291
Mobile Suit Gundam: Hathaway's Flash III,1292
Aikatsu! 3,1292
Elfen Lied,1294
Wacky TV Na Na Na: Exciting Caveland,1294
Toaru Kagaku no Railgun: Entenka no Satsuei Model mo Raku Ja Arimasen wa ne,1294
The [email protected]: Onegai Cinderella,1294
Chuldong! Robot V,1294
Tsukumo,1294
Death Note,1295
King's Game,1295
Mitchie M: Suki! Yuki! Maji Magic,1295
Shigofumi,1296
Umi no Mizu Hanaze Karai,1296
Nessa no Haou Gandalla,1297
amazarashi: Mudai,1297
Amazing Nuts!,1298
Umi Monogatari: Faithful Hearts,1298
Tales of Symphonia the Animation: The United World Episode,1299
Cai Mogu,1299
Bubblegum Crisis: Hurricane Live! 2032,1300
Shakotan Boogie,1300
3000 Leagues in Search of Mother,1301
Nora,1302
Fettu to Ccine to Gummi Seijin,1303
OhashiTrio: Stereo,1304
Remake our Life!,1305
halyosy: Colorful Tag Team,1306
Pucca (2008),1308
Westbound Apocalypse,1308
Girl X,1309
Area 88 TV,1309
Pretty Rhythm: Aurora Dream,1310
Carnival Phantasm: EX Season,1312
Hoshi no Ko Chobin,1312
Aesop Douwa,1312
Urameshi Denwa,1312
The Haunted House: The Birth of Ghost Ball X,1313
Sakura Yori Ai wo Nosete,1313
mothy: Nanatsu no Tsumi to Batsu,1315
Neko Enikki,1317
Quiz Tokiko-san,1317
Re:ZERO -Starting Break Time From Zero-,1317
Shin Koihime Musou: Live Revolution,1318
Nijiiro Love Letter,1319
Kotatsu Neko (Web),1321
Ikedaya Soudou,1321
Princess Minerva,1321
Sonic X,1322
Uchuu Patrol Hopper,1322
C³,1322
Wo Wei Ge Kuang,1322
Himitsukessha Taka no Tsume Movie 3,1323
Naruto Shippuden,1323
Fate/stay night: Unlimited Blade Works Movie,1323
Magical Sempai,1323
Asa Made Jugyou Chu!,1323
Hyper Doll,1324
SHAREDOL Pilot,1325
Love Live! School Idol Project OVA,1325
The Man Who Has Changed the History: A Drannage of Lake Biwa,1327
Komori-san Can't Decline!: Info Corner,1327
Q-ban Sanguo: San Xiao Qiang Movie,1329
Gravitation: Lyrics of Love,1329
"Why the Hell are You Here, Teacher!?",1329
Fate/Kaleid Liner Prisma Illya 3rei!! Special,1330
One Piece: Take Aim! The Pirate Baseball King,1331
A Child's Metaphysics,1331
Nontan to Issho,1331
Fate/Grand Order: Epic of Remnant Pseudo - Singularity II Event PV,1332
Puparia,1333
The Guardian Brothers,1333
McDull: Gushi,1333
Adventures of the Little Mermaid,1333
Chuanyue Huoxian: Youling Jihua,1333
Jewelpet Twinkle Special,1335
Military!,1336
The Tree of Courage (1992),1337
Tokyo Majin: 2nd Act,1338
Capricorn,1338
Evangelion: 2.0 You Can (Not) Advance,1339
Koi wa Elevator,1339
One Room 2nd Season,1340
Strike Witches: 501st JOINT FIGHTER WING Take Off!,1340
Princess Resurrection OVA Specials,1341
Divergence Eve: Misaki Chronicles,1341
From the New World,1342
Xiao Ge Er Lia,1343
Zhan Long Si Qu,1343
Saténové ruky: DušaN,1343
Warau Salesman Episode 0,1343
The Defective,1344
Date A Bullet: Dead or Bullet,1345
Sengoku Choujuu Giga,1345
Guin Saga,1346
Mickey to Oliver no Agent Yousei Kouza,1347
Kumo ni Noru,1347
"The Familiar of Zero: ""Rondo"" of Princesses Picture Drama",1348
Welcome to Pia Carrot 2 DX,1349
Dragon Ball Movie 1: Curse of the Blood Rubies,1350
Pittarazu Manner Movie CM,1351
Area 88,1352
Ninja Scroll,1352
Hatachi no Ryouma with Kurofune-kun!,1352
Gal & Dino,1352
I think you're a little confused,1354
Peace Maker Kurogane,1354
Hetalia: The Beautiful World,1355
Xie Wang Zhui Qi 3: Shennu Guilai,1356
Kuzuryuugawa to Shounen,1356
t7s Longing for summer Again And Again: Harukaze,1357
Laughing Under the Clouds Gaiden: Movie 1,1358
Beastars,1358
Xixing Ji 3rd Season,1358
Shimajirou to Fufu no Daibouken Movie: Sukue! Nana-iro no Hana,1358
TWIN CROSS: Dareka no Santa Claus,1358
Back Drop Bomb: Never Shined,1358
Lovely Idol,1358
The Breakaways: Girl Electric,1358
Kotenkotenko,1358
Tales of HR,1358
X TV,1359
Aimer: Yuki no Furu Machi,1359
"Love, Chunibyo, & Other Delusions! Rikka Version",1360
One Piece Movie 10: Strong World,1360
Kuchiroro: Umi,1360
Vampillia: lilac,1360
Da Capo if,1362
Humanity Has Declined,1362
CHAI: Aisou ze!,1362
Seer Da Dianying 4: Sheng Mo Zhi Shan,1362
Feixiang de Gezi,1362
gdgd men's party,1363
Manga Furusato Mukashibanashi,1363
Mofang Dasha,1364
"So I'm a Spider, So What?",1364
Hetalia: Axis Powers Fan Disc,1365
Symphogear GX Specials,1365
KINMOZA!,1365
Shiawase no Tokei,1365
Detective Conan Movie 7: Crossroad in the Ancient Capital,1366
1001 Nights,1366
Tales of Eternia,1366
Dahuoji yu Gongzhu Qun,1367
"Pyuu to Fuku! Jaguar: Ima, Fuki ni Yukimasu",1367
Ten Made Tobaso,1368
Dropkick on My Devil! (Web),1368
Arisa☆Good Luck,1368
Kiss Dum: Engage Planet,1370
Ado: Odo,1370
Dubu Xinghai,1370
Luo Xiaohei Zhan Ji: Zhongsheng Zhi Men,1371
Mori no Kuma-san,1371
Diary of Our Days at the Breakwater,1371
Luo Xiaohei Zhan Ji: Fan Wai,1372
Kotatsu-shita no Christmas,1372
"Taisetsu na Kazoku wo Tsutsumu, Sono Te.",1372
"Oh, Suddenly Egyptian God 2nd Season",1372
Gigigoegoe: Seonghyeongsu,1373
Appleseed Alpha,1373
Xiong Chu Mo Season 6: Xiari Lian Lian Kan,1373
Corpse Princess: Puchitto,1374
Hikaru no Go: Special Edition - Match of Justice! The Ancient Flower Blooms!,1374
Ookina Furudokei (1973),1374
Crayon Shin-chan Movie 28: Gekitotsu! Rakuga Kingdom to Hobo Yonin no Yuusha,1375
Kenshi Yonezu: Christmas Morgue,1375
HoneyWorks & LIPxLIP: Choco Kano,1376
Chie the Brat,1376
Aiyou de Mishi,1376
The Kawai Complex Guide to Manors and Hostel Behavior: First Time,1377
Uchuu Nanchara Kotetsu-kun,1377
Tori no Uta,1377
Armored Trooper Votoms,1378
Jigen Loop,1378
Zutomayo: Ham,1378
Seitokaichou ni Chuukoku,1378
Mobile Suit Gundam Wing,1379
Curry Meshi x Zombieland Saga,1379
Toradora! Recap,1380
Idol Land PriPara,1380
3-D Heaven,1380
Popolocrois Monogatari,1380
Irodorimidori: Change Our Mirai!,1381
Psycho Nyanya: Nyanya Song,1381
Patlabor: The Mobile Police,1382
Hetalia: World Series,1382
The World God Only Knows: Magical Star Kanon 100%,1382
Gun-dou Musashi,1383
Chibi Devi!,1383
Daimaju Gekito Hagane no Oni,1383
All That Gundam,1383
Donguri no Ie,1384
Toradora! The True Meaning of Bento,1384
Quanzhi Fashi III,1385
Bero Bero,1385
Legendary Armor Samurai Troopers: Message,1385
Ed Sheeran: Bad Habits,1386
Snow White with the Red Hair 2nd Season,1387
The Garden of Sinners: Recalled Out Summer - Manner Movie,1387
I Love Sky,1387
Traful x Ojamajo Doremi CM,1388
Akahori Gedou Hour Rabuge: Zettai Seigi Love Pheromone,1388
Very Private Lesson,1389
Alice in City Roaming,1389
Blend S,1390
Alien Defender Geo-Armor: Kishin Corps,1390
Robot Girls NEO,1390
DOGEZA: I Tried Asking While Kowtowing.,1391
Mayoi Neko Overrun! Specials,1391
Lupin III Special 28: Prison of the Past,1391
Shaonian Huo Yuan Jia,1391
"Jeipon, Futatabi! Kore ga Reiwa Style no Satsujinki",1391
Princess Nine,1392
Xiao Hua Xian,1392
Gintama: Shinyaku Benizakura-hen Special,1393
Rumbling Hearts,1393
Xiao Xiong De Lu Xing,1393
Silent Service,1393
Noblesse: Awakening,1394
